Date,Open,High,Low,Close,Volume,Dividend,Split,Adj_Open,Adj_High,Adj_Low,Adj_Close,Adj_Volume
2019-02-28,82.25,82.72,81.94,82.36,3786580.0,0.0,1.0,82.25,82.72,81.94,82.36,3786580.0
2019-01-31,81.18,81.95,80.71,81.88,8599206.0,0.0,1.0,81.18,81.95,80.71,81.88,8599206.0
2018-12-31,73.98,74.46,73.515,74.14,5519230.0,0.0,1.0,73.98,74.46,73.515,74.14,5519230.0
2018-11-30,74.18,75.48,73.9,75.12,7947487.0,0.22,1.0,74.18,75.48,73.9,75.12,7947487.0
2018-10-31,75.5,76.34,74.92,75.04,8755514.0,0.0,1.0,75.27953278470932,76.11707990443324,74.70122644013804,74.82087602867004,8755514.0
2018-09-30,84.29,85.27,84.25,84.72,7451875.0,0.0,1.0,84.04386514467747,85.02100345102203,84.00398194850014,84.47260950358375,7451875.0
2018-08-31,81.25,82.25,81.25,82.2,5177090.0,0.2,1.0,81.01274223520042,82.00982213963366,81.01274223520042,81.959968144412,5177090.0
2018-07-31,76.44,77.59,76.16,76.91,8265222.0,0.0,1.0,76.03179569124822,77.17565446996271,75.75329094512644,76.49928580080979,8265222.0
2018-06-30,78.76,81.0,78.36,79.68,31423522.0,0.0,1.0,78.33940644482875,80.56744441380306,77.94154252179763,79.25449346780036,31423522.0
2018-05-31,72.0,72.22,71.235,71.8,7856161.0,0.0,1.0,71.41919170989657,71.63741701789904,70.66036279797892,71.22080506625797,7856161.0
2018-04-30,69.58,69.81,68.39,68.39,6484088.0,0.0,1.0,69.0187133218695,69.24685796205388,67.83831279221981,67.83831279221981,6484088.0
2018-03-31,65.7,66.55,65.61,66.44,10748306.0,0.0,1.0,65.17001243528063,66.01315567074468,65.08073844564325,65.90404301674344,10748306.0
2018-02-28,68.1,68.3,67.01,67.03,6091771.0,0.0,1.0,67.34623196781372,67.5440182584681,66.26829668374741,66.28807531281284,6091771.0
2018-01-31,67.5,68.83,67.47,68.22,11036394.0,0.0,1.0,66.75287309585062,68.06815192870219,66.72320515225246,67.46490374220635,11036394.0
2017-12-31,63.21,63.37,62.55,62.55,5222115.0,0.0,1.0,62.51035716131433,62.668586193837825,61.8576624021549,61.8576624021549,5222115.0
2017-11-30,60.26,61.21,60.2,60.42,12551203.0,0.0,1.0,59.39463051472771,60.33098794899574,59.33549215045815,59.552332819446534,12551203.0
2017-10-31,54.75,55.28,54.52,54.99,9794845.0,0.0,1.0,53.963757395973154,54.48614628035426,53.73706033293984,54.20031085305139,9794845.0
2017-09-30,52.59,52.82,51.76,51.85,12188772.0,0.0,1.0,51.83477628226901,52.06147334530232,51.016695576540094,51.10540312294444,12188772.0
2017-08-31,52.6,52.98,52.47,52.81,7728916.0,0.18,1.0,51.844632676313935,52.21917565002114,51.71649955372988,52.051616951257394,7728916.0
2017-07-31,58.71,59.12,58.33,59.05,6225907.0,0.0,1.0,57.67032329134406,58.07306273180481,57.29705259042921,58.00430233953102,6225907.0
2017-06-30,56.6,59.71,56.5,59.0,46537229.0,0.0,1.0,55.597688609948456,58.652614609541025,55.499459478128756,57.95518777362118,46537229.0
2017-05-31,53.02,53.2799,52.71,52.99,8938801.0,0.0,1.0,51.902453918235764,52.156875792497345,51.598988042817936,51.873086252872746,8938801.0
2017-04-30,55.43,55.53,55.14,55.41,6437731.0,0.0,1.0,54.26165636906466,54.35954858694138,53.97776893722218,54.24207792548931,6437731.0
2017-03-31,56.0,56.03,55.645,55.73,5905639.0,0.0,1.0,54.81964201096195,54.84900967632497,54.472124637499604,54.55533302269481,5905639.0
2017-02-28,57.37,57.55,56.855,57.16,7951164.0,0.0,1.0,55.986413243902355,56.162072201265126,55.48383344922552,55.78147779364578,7951164.0
2017-01-31,51.68,52.9,51.63,52.9,12284427.0,0.0,1.0,50.433638425045736,51.624215802726766,50.38484427022274,51.624215802726766,12284427.0
2016-12-31,51.1,51.33,50.7,50.83,7383674.0,0.0,1.0,49.86762622909902,50.09207934128478,49.47727299051507,49.604137793054846,7383674.0
2016-11-30,50.52,50.81,50.07,50.07,8198261.0,0.0,1.0,49.12702637771324,49.40903029001603,48.68943410000202,48.68943410000202,8198261.0
2016-10-31,50.88,51.15,50.0,50.18,17930682.0,0.0,1.0,49.477100199882216,49.739655566508944,48.62136419013582,48.79640110122031,17930682.0
2016-09-30,52.57,53.06,52.28,52.65,12879656.0,0.0,1.0,51.12050230950881,51.59699167857214,50.83849839720602,51.19829649221302,12879656.0
2016-08-31,57.86,58.28,57.185,57.64,7723638.0,0.0,1.0,56.11128075287744,56.518586973344235,55.45668146998439,55.89792987549008,7723638.0
2016-07-31,55.27,55.66,55.208,55.5,6353014.0,0.0,1.0,53.5995590599989,53.977771979003776,53.539432903644276,53.82260770454024,6353014.0
2016-06-30,55.29,55.43,54.6,55.2,17350521.0,0.0,1.0,53.61895459430684,53.75472333446244,52.94980866068283,53.531674689921104,17350521.0
2016-05-31,56.41,56.47,55.17,55.22,14232353.0,0.0,1.0,54.54506032607478,54.60307669940512,53.34605527724776,53.39440225502304,14232353.0
2016-04-30,58.41,59.087,58.1,58.94,8178624.0,0.0,1.0,56.47893943708612,57.133557516163464,56.179188174879364,56.99141740150412,8178624.0
2016-03-31,61.99,62.64,61.31,61.47,8257617.0,0.0,1.0,59.940583045796416,60.5690937568751,59.28306414805256,59.43777447693347,8257617.0
2016-02-29,62.46,62.68,61.58,61.59,7716217.0,0.0,1.0,60.23825075173235,60.45042518601639,59.38955301459619,59.39919730706365,7716217.0
2016-01-31,61.2,62.16,61.2,62.01,10475094.0,0.0,1.0,59.02306990083285,59.94892197770866,59.02306990083285,59.804257590696814,10475094.0
2015-12-31,63.15,63.17,62.5,62.5,6452574.0,0.0,1.0,60.90370693198684,60.92299551692175,60.27682792160218,60.27682792160218,6452574.0
2015-11-30,133.93,134.19,131.64,132.28,4367714.0,0.0,1.0,64.42634470357112,64.5514163799911,63.32475186125662,63.63262060321352,8735428.0
2015-10-31,131.55,131.6184,130.07,131.03,3615414.0,0.0,1.0,63.281457819418954,63.31436129121559,62.56951135364365,63.031314466578976,7230828.0
2015-09-30,120.74,123.12,120.74,122.97,4693230.0,0.0,1.0,58.08136234980344,59.22624923395561,58.08136234980344,59.15409249755947,9386460.0
2015-08-31,111.64,112.49,111.23,111.75,3536250.0,0.0,1.0,53.56854296666317,53.97640091651684,53.37181148496905,53.62132458370306,7072500.0
2015-07-31,115.5,115.94,114.83,115.22,2539325.0,0.0,1.0,55.42069789188101,55.63182436004056,55.09920986081988,55.28634468487039,5078650.0
2015-06-30,108.85,108.88,107.8,108.02,3765554.0,0.0,1.0,52.22980922537877,52.2442042118442,51.72598469908895,51.83154793316872,7531108.0
2015-05-31,102.3,102.38,101.04,101.67,2781140.0,0.0,1.0,49.08690384709461,49.125290477669076,48.482314415546824,48.78460913132072,5562280.0
2015-04-30,99.75,100.51,98.46,98.84,3248480.0,0.0,1.0,47.73268335686964,48.09636094435056,47.11538850443493,47.29722729817539,6496960.0
2015-03-31,100.88,101.84,100.29,100.33,3154617.0,0.0,1.0,48.27341450667679,48.73279672244215,47.991085853237664,48.01022677889455,6309234.0
2015-02-28,96.95,97.405,96.63,97.12,3559328.0,0.0,1.0,46.392818560887335,46.61054659023446,46.239691155632215,46.47416749492912,7118656.0
2015-01-31,93.92,94.36,92.1,92.25,4052859.0,0.0,1.0,44.813521486339404,45.02346558188869,43.945116363840064,44.016688214595504,8105718.0
2014-12-31,96.97,97.61,96.04,96.15,2348728.0,0.0,1.0,46.26881578503335,46.57418901492322,45.82507031034962,45.87755633423694,4697456.0
2014-11-30,98.34,99.76,98.23,99.29,1804745.0,0.0,1.0,46.78735154907899,47.462946822616644,46.735016703945796,47.239334302502066,3609490.0
2014-10-31,94.13,94.14,92.67,92.97,3231800.0,0.0,1.0,44.78435429443569,44.78911200762961,44.089728168122335,44.23245956394015,6463600.0
2014-09-30,88.69,90.29,88.4,89.2,5792008.0,0.0,1.0,42.19615831693935,42.95739242796769,42.05818463431547,42.43880168982963,11584016.0
2014-08-31,78.85,78.94,78.27,78.55,3211500.0,0.0,1.0,37.51456853411509,37.55738795286044,37.238621168867326,37.37183713829728,6423000.0
2014-07-31,78.66,79.02,76.98,77.13,3898400.0,0.0,1.0,37.31056458049571,37.48132231312955,36.513695161537754,36.584844216801855,7796800.0
2014-06-30,77.51,77.73,77.09,77.55,4267900.0,0.0,1.0,36.765088490137586,36.869440437858266,36.5658711353981,36.78406157154134,8535800.0
2014-05-31,76.4,76.93,76.3,76.91,2596200.0,0.0,1.0,36.23858548118322,36.489978809783054,36.191152777673814,36.48049226908117,5192400.0
2014-04-30,72.33,73.0599,72.09,72.95,3086900.0,0.0,1.0,34.20060984553662,34.54573669644574,34.087127938127125,34.493771439677815,6173800.0
2014-03-31,74.0,74.19,73.45,73.86,3178300.0,0.0,1.0,34.990254784594356,35.0800946279602,34.730192080114264,34.92405700527215,6356600.0
2014-02-28,77.9,78.71,77.61,78.3,3437600.0,0.0,1.0,36.83433577999865,37.217337217505694,36.69721180854551,37.02347229234781,6875200.0
2014-01-31,72.99,73.31,72.36,72.85,4326000.0,0.0,1.0,34.40684501396641,34.557690203779664,34.109868546521575,34.34085024342311,8652000.0
2013-12-31,78.77,78.95,78.345,78.64,2053100.0,0.0,1.0,37.13148625496827,37.21633667423823,36.93114498724755,37.07020539660664,4106200.0
2013-11-30,79.58,79.76,79.08,79.14,1737600.0,0.0,1.0,37.39557814555381,37.480162262997894,37.16062226376471,37.188816969579406,3475200.0
2013-10-31,76.04,76.27,75.14,75.76,4092200.0,0.0,1.0,35.73209050248696,35.840170208109946,35.30916991526657,35.60051520868506,8184400.0
2013-09-30,72.3,73.17,72.16,72.64,7398200.0,0.0,1.0,33.97462050670446,34.3834437410175,33.90883285980351,34.134390506321054,14796400.0
2013-08-31,63.71,63.79,62.6,62.82,2925500.0,0.0,1.0,29.938078457567652,29.97567139865391,29.41647639999584,29.519856987983044,5851000.0
2013-07-31,63.12,63.5,62.77,62.92,4230900.0,0.0,1.0,29.563032206354954,29.74100990341476,29.399105380115664,29.469359734218216,8461800.0
2013-06-30,61.94,64.07,60.18,63.68,13401900.0,0.0,1.0,29.01036462074819,30.007976449004467,28.186046865944885,29.825315128337827,26803800.0
2013-05-31,62.2,63.14,61.66,61.66,3730200.0,0.0,1.0,29.132138834525957,29.57239945356863,28.879223159756755,28.879223159756755,7460400.0
2013-04-30,62.73,63.765,62.66,63.6,5047400.0,0.0,1.0,29.28184201494423,29.764971402565262,29.249166597423965,29.68795077555321,10094800.0
2013-03-31,58.96,59.315,58.45,59.01,3806200.0,0.0,1.0,27.52203738563864,27.687748431634258,27.28397362941958,27.54537696958168,7612400.0
2013-02-28,54.26,54.72,54.0,54.46,3356800.0,0.21,1.0,25.328116494992408,25.542840667268422,25.206750658488577,25.42147483076459,6713600.0
2013-01-31,53.62,54.28,53.44,54.05,4571900.0,0.0,1.0,24.933226274475896,25.24012536700022,24.849526521969263,25.133175683241742,9143800.0
2012-12-31,50.83,51.64,50.59,51.6,3403700.0,0.0,1.0,23.635880110623084,24.012528996902937,23.524280440614245,23.99392905190146,6807400.0
2012-11-30,98.46,98.52,96.91,97.48,3167500.0,0.0,1.0,22.794608023125466,22.808498704431457,22.43576542272079,22.567726895127674,12670000.0
2012-10-31,91.05,91.79,90.78,91.38,2282200.0,0.0,1.0,21.079108881836014,21.250427284609863,21.01660081595907,21.155507629018945,9128800.0
2012-09-30,93.06,96.18,92.79,94.91,6838600.0,0.0,1.0,21.544446705586594,22.266762133497945,21.481938639709654,21.97274271252121,27354400.0
2012-08-31,98.07,98.52,96.95,97.36,2032300.0,0.0,1.0,22.70431859463655,22.808498704431457,22.445025876924785,22.5399455325157,8129200.0
2012-07-31,95.04,95.58,93.25,93.35,3267500.0,0.0,1.0,21.922103054672093,22.04666045839182,21.509218327527066,21.53228451340109,13070000.0
2012-06-30,87.84,90.5,85.1,87.78,21584900.0,0.0,1.0,20.26133767174239,20.874898215991415,19.62932417879414,20.247497960217974,86339600.0
2012-05-31,108.5,108.85,106.66,108.18,2699200.0,0.36,1.0,25.026811673315677,25.107543323874758,24.60239385323364,24.952999878518803,10796800.0
2012-04-30,111.0,112.0,111.0,111.87,2388100.0,0.0,1.0,25.518546033863892,25.74844284497978,25.518546033863892,25.71855625953472,9552400.0
2012-03-31,108.38,109.18,107.85,108.44,2318700.0,0.0,1.0,24.916216388740256,25.10013383763297,24.794371078848833,24.93001019740721,9274800.0
2012-02-29,107.51,108.28,106.93,107.92,1772100.0,0.0,1.0,24.634499696414657,24.810935049091054,24.501600339853216,24.728445793294295,7088400.0
2012-01-31,104.57,104.94,103.46,103.99,6187900.0,0.0,1.0,23.960837440741145,24.04561806475448,23.706495568701147,23.827938084179703,24751600.0
2011-12-31,97.39,97.54,96.37,96.37,1652300.0,0.0,1.0,22.315635061239174,22.35000558448782,22.081915503148362,22.081915503148362,6609200.0
2011-11-30,97.08,97.5,94.92,96.18,3373200.0,0.0,1.0,22.160845121656045,22.256720224160123,21.66777316592081,21.955398473433032,13492800.0
2011-10-31,95.76,97.68,95.54,96.35,3057000.0,0.0,1.0,21.859523370928958,22.297809553804726,21.80930307914111,21.994205062541823,12228000.0
2011-09-30,86.98,88.24,85.48,85.51,3489700.0,0.0,1.0,19.85527718048664,20.14290248799886,19.512866100114948,19.519714321722383,13958800.0
2011-08-31,87.04,88.53,86.15,86.65,3489500.0,0.0,1.0,19.798062020853852,20.136976455723705,19.595623197340984,19.709352873471808,13958000.0
2011-07-31,89.81,90.8,89.25,90.15,2476300.0,0.0,1.0,20.428124426618616,20.653309185357646,20.30074718935209,20.505460606387576,9905200.0
2011-06-30,89.22,90.43,89.22,89.98,4428800.0,0.0,1.0,20.29392340878424,20.56914922502084,20.29392340878424,20.466792516503098,17715200.0
2011-05-31,84.84,84.95,83.82,84.45,2219800.0,0.0,1.0,19.22421329281878,19.24913860472602,18.9930876733153,19.135841732420392,8879200.0
2011-04-30,82.26,82.53,81.746,82.32,2211100.0,0.0,1.0,18.639601431721747,18.700781742766782,18.52313224699156,18.65319705639842,8844400.0
2011-03-31,76.49,76.61,75.62,75.7,3274300.0,0.0,1.0,17.33215552531481,17.35934677466816,17.135018967503022,17.15314646707192,13097200.0
2011-02-28,88.29,89.16,87.95,89.03,2588200.0,0.0,1.0,19.937166945996765,20.133625607714023,19.860389997739443,20.104269715733285,10352800.0
2011-01-31,81.52,82.56,81.01,82.48,1920200.0,0.0,1.0,18.408402417461275,18.6432495533072,18.293236995075294,18.62518438901136,7680800.0
2010-12-31,85.4,85.84,85.12,85.42,1449000.0,0.0,1.0,19.28456288580953,19.383921289436653,19.221334810774092,19.28907917688349,5796000.0
2010-11-30,84.5,86.6,84.37,86.13,3291500.0,0.0,1.0,19.014218235017985,19.486760936716653,18.984965591579495,19.381001379669808,13166000.0
2010-10-31,80.94,81.49,80.65,81.44,2012900.0,0.0,1.0,18.213145845471665,18.336907029249886,18.14788994857042,18.325656012542776,8051600.0
2010-09-30,80.01,80.8,79.51,80.14,3373300.0,0.0,1.0,18.003876934719397,18.181642998691753,17.891366767648286,18.033129578157883,13493200.0
2010-08-31,70.01,70.76,69.58,70.0,2985400.0,0.0,1.0,15.69558958578397,15.863732596630106,15.59918759289885,15.693347678972687,11941600.0
2010-07-31,73.01,73.95,72.64,73.64,2175700.0,0.0,1.0,16.368161629168515,16.578900869429003,16.285211077151086,16.509401758279267,8702800.0
2010-06-30,67.94,69.14,67.3,67.55,4637800.0,0.0,1.0,15.231514875848633,15.500543693202452,15.088032839926598,15.144080510208642,18551200.0
2010-05-31,73.62,73.86,71.96,72.38,3889200.0,0.0,1.0,16.444615808729,16.498224988219558,16.0738189839193,16.167635048027776,15556800.0
2010-04-30,77.45,77.88,75.89,75.91,2467400.0,0.0,1.0,17.30012896476584,17.396178744686424,16.951669298077206,16.956136729701416,9869600.0
2010-03-31,73.49,74.1,73.2802,73.5,1979000.0,0.0,1.0,16.415577503171612,16.551834167710116,16.368714145433614,16.41781121898372,7916000.0
2010-02-28,66.23,67.85,66.23,67.6,4908300.0,0.0,1.0,14.735072828701979,15.095495869355716,14.735072828701979,15.039875029748659,19633200.0
2010-01-31,63.64,64.65,63.55,63.75,2600600.0,0.0,1.0,14.15884093037285,14.383549122385368,14.138817428114308,14.183314099799956,10402400.0
2009-12-31,66.21,66.62,66.05,66.07,1586900.0,0.0,1.0,14.730623161533412,14.82184133848899,14.695025824184896,14.699475491353459,6347600.0
2009-11-30,64.8,65.54,64.39,64.89,2315200.0,0.0,1.0,14.356980621544423,14.520933795308975,14.266141700945145,14.37692087240768,9260800.0
2009-10-31,63.35,63.79,62.02,62.18,3668000.0,0.0,1.0,14.035721024303076,14.133206695190104,13.741048428212734,13.776497763080744,14672000.0
2009-09-30,64.01,64.95,64.01,64.7,16793700.0,0.0,1.0,14.18194953063362,14.390214372983184,14.18194953063362,14.334824787251918,67174800.0
2009-08-31,55.92,56.0,55.15,55.39,1838600.0,0.0,1.0,12.332162291203229,12.349804869588356,12.162352474246388,12.215280209401769,7354400.0
2009-07-31,55.67,57.77,55.56,56.64,5449200.0,0.0,1.0,12.27702923374971,12.740146916359274,12.25277068847016,12.490945496669365,21796800.0
2009-06-30,51.86,52.48,51.28,51.78,2925100.0,0.0,1.0,11.436801438158072,11.573531420642801,11.308892744865908,11.419158859772947,11700400.0
2009-05-31,55.26,57.14,54.7,57.05,4142200.0,0.0,1.0,12.133891643251816,12.546698669840913,12.010927848097618,12.526936631333987,16568800.0
2009-04-30,53.54,55.02,52.18,52.47,4831600.0,0.0,1.0,11.75621712956392,12.081192873900017,11.457590769903724,11.521268449537148,19326400.0
2009-03-31,46.74,47.64,45.8,46.89,4476900.0,0.0,1.0,10.263085331262937,10.460705716332185,10.05668181796839,10.296022062107811,17907600.0
2009-02-28,40.23,42.18,40.08,41.53,4684600.0,0.0,1.0,8.77868202615226,9.204196069179774,8.745950176688606,9.06235805483727,18738400.0
2009-01-31,46.295,46.49,44.94,45.25,2667500.0,0.0,1.0,10.10213980613271,10.144691210435461,9.806462099311027,9.874107921535913,10670000.0
2008-12-31,49.81,51.55,49.54,51.0,3772400.0,0.0,1.0,10.869156145231026,11.248845599009421,10.810238816196446,11.128828817642686,15089600.0
2008-11-30,54.0,54.0,51.63,53.25,1872600.0,0.0,1.0,11.727042392785755,11.727042392785755,11.212355532213492,11.564166803997063,7490400.0
2008-10-31,55.18,59.04,55.18,57.63,5266500.0,0.0,1.0,11.983299985813295,12.821566349445758,11.983299985813295,12.51536024252302,21066000.0
2008-09-30,65.93,67.44,64.85,66.9,5341500.0,0.0,1.0,14.317850091784535,14.645772943879098,14.083309243928817,14.528502519951243,21366000.0
2008-08-31,61.18,61.34,60.52,60.61,1661100.0,0.0,1.0,13.235348383297941,13.269961912904474,13.092567573670994,13.112037684074668,6644400.0
2008-07-31,59.75,60.23,57.91,58.68,2718400.0,0.0,1.0,12.925989962439555,13.029830551259153,12.52793437196443,12.694511983195868,10873600.0
2008-06-30,60.46,60.55,59.49,59.61,4946800.0,0.0,1.0,13.079587500068545,13.099057610472219,12.86974297682894,12.895703124033838,19787200.0
2008-05-31,68.72,68.88,67.16,68.37,2603900.0,0.0,1.0,14.817872309929246,14.852372594702073,14.481494533394182,14.742402936988688,10415600.0
2008-04-30,68.23,68.7,66.61,66.8,4187400.0,0.0,1.0,14.712215187812465,14.813559774332644,14.362899804487588,14.403868892655321,16749600.0
2008-03-31,65.75,68.26,65.75,68.0,5780700.0,0.0,1.0,14.177460773833642,14.718683991207369,14.177460773833642,14.662621028451525,23122800.0
2008-02-29,61.31,61.71,59.96,60.2,2951700.0,0.0,1.0,13.169239919365971,13.255158953255162,12.879263179989946,12.930814600323462,11806800.0
2008-01-31,59.33,62.18,59.18,61.33,7427900.0,0.0,1.0,12.743940701614466,13.356113818074963,12.71172106390602,13.173535871060428,29711600.0
2007-12-31,64.01,64.79,64.01,64.24,1842100.0,0.0,1.0,13.74919339811802,13.916735514201946,13.74919339811802,13.798596842604303,7368400.0
2007-11-30,65.68,66.19,64.99,65.65,2701600.0,0.0,1.0,14.058471814424728,14.167634735030033,13.910780804194015,14.052050466153826,10806400.0
2007-10-31,65.57,66.57,65.29,66.26,2941100.0,0.0,1.0,14.034926870764757,14.248971813128104,13.974994286903021,14.182617880995469,11764400.0
2007-09-30,58.08,58.89,58.01,58.66,3188200.0,0.0,1.0,12.431730252463277,12.60510665577759,12.416747106497843,12.55587631903402,12752800.0
2007-08-31,56.27,56.79,55.6,56.34,3088700.0,0.0,1.0,12.004509011317987,12.115444584196702,11.861572792416563,12.019442646128583,12354800.0
2007-07-31,56.06,57.64,56.06,56.45,4875600.0,0.0,1.0,11.959708106886197,12.296781578325373,11.959708106886197,12.042909786545234,19502400.0
2007-06-30,58.3,58.92,57.5,58.29,2917400.0,0.0,1.0,12.437584420825281,12.569853757719136,12.26691430870418,12.435451044423768,11669600.0
2007-05-31,55.97,57.12,55.77,56.75,5293900.0,0.0,1.0,11.89981519043283,12.144317378551424,11.857293070760033,12.065651457156747,21175600.0
2007-04-30,54.25,55.0,53.82,53.86,2560600.0,0.0,1.0,11.534124961246759,11.693582910019755,11.44270240395024,11.4512068278848,10242400.0
2007-03-31,105.2,106.69,104.76,106.26,1558100.0,0.0,1.0,11.183317473946166,11.341712369727341,11.136543142306087,11.296001091079084,12464800.0
2007-02-28,104.75,105.11,103.29,104.47,2234000.0,0.0,1.0,11.096229564087569,11.134364577386581,10.941570899041576,11.066568998188338,17872000.0
2007-01-31,97.75,99.25,97.5,98.81,2152100.0,0.0,1.0,10.354715416606776,10.513611305352661,10.328232768482463,10.467001844653868,17216800.0
2006-12-31,99.19,99.9,98.8,99.03,833200.0,0.0,1.0,10.507255469802825,10.582466190475879,10.465942538728896,10.490306575003265,6665600.0
2006-11-30,96.87,99.3,96.54,98.95,2139600.0,0.0,1.0,10.2228762764804,10.479318821663092,10.188050745653122,10.442382652603857,17116800.0
2006-10-31,91.8,92.1,91.09,91.88,1155800.0,0.0,1.0,9.687829484679476,9.71948905815882,9.612901827445027,9.6962720376073,9246400.0
2006-09-30,88.5,88.5,87.56,87.62,1422400.0,0.0,1.0,9.339574176406684,9.339574176406684,9.240374179504737,9.246706094200606,11379200.0
2006-08-31,79.8,80.95,79.77,80.76,1883700.0,0.0,1.0,8.389176478396827,8.510073131907559,8.386022652653068,8.49009890219709,15069600.0
2006-07-31,79.62,80.25,78.59,79.0,1772600.0,0.0,1.0,8.370253523934279,8.436483864553201,8.261972173398581,8.305074458563276,14180800.0
2006-06-30,81.1,81.91,80.91,81.0,1291400.0,0.0,1.0,8.52584226062635,8.61099555570782,8.505868030915881,8.515329508147156,10331200.0
2006-05-31,80.0,80.61,80.0,80.31,1336500.0,0.0,1.0,8.377998887816181,8.44188112933578,8.377998887816181,8.410463633506469,10692000.0
2006-04-30,82.15,82.39,81.27,81.84,837400.0,0.0,1.0,8.603157607926242,8.62829160458969,8.510999620160263,8.570692862235955,6699200.0
2006-03-31,85.0,85.2,84.65,85.1,1067100.0,0.0,1.0,8.901623818304692,8.922568815524233,8.864970073170497,8.912096316914463,8536800.0
2006-02-28,86.8,87.83,86.62,86.78,2334500.0,0.0,1.0,9.057231992837911,9.164708363259836,9.038449714511751,9.055145073023894,18676000.0
2006-01-31,81.8,82.05,80.88,80.95,2543500.0,0.0,1.0,8.535502039333423,8.561588537008648,8.439503727888598,8.44680794723766,20348000.0
2005-12-31,87.23,87.89,86.67,86.79,638600.0,0.0,1.0,9.102100768839298,9.17096912270189,9.043667014046795,9.056188532930904,5108800.0
2005-11-30,85.95,86.64,85.27,85.3,1180400.0,0.0,1.0,8.936288199440327,9.008028034898313,8.865588071742602,8.868707195023385,9443200.0
2005-10-31,83.0,84.27,82.96,84.05,2146000.0,0.0,1.0,8.629574410163434,8.761617295716537,8.625415579122391,8.738743724990803,17168000.0
2005-09-30,81.11,81.68,80.92,81.68,1764900.0,0.0,1.0,8.43306964347417,8.492332985809028,8.413315196029219,8.492332985809028,14119200.0
2005-08-31,78.3,78.98,77.72,78.91,1305900.0,0.0,1.0,8.115070879896408,8.185546591241613,8.054959243749026,8.178291738603136,10447200.0
2005-07-31,84.32,84.82,83.72,83.8,854300.0,0.0,1.0,8.738988206805429,8.790808582794549,8.676803755618483,8.685095015776742,6834400.0
2005-06-30,87.17,87.25,86.4,86.6,2183900.0,0.0,1.0,9.034364349943422,9.042655610101681,8.954560970920175,8.975289121315821,17471200.0
2005-05-31,82.21,82.52,81.6,82.2,790600.0,0.0,1.0,8.495509054182175,8.527544181378339,8.432472190989728,8.494475662982302,6324800.0
2005-04-30,77.09,77.4,75.11,76.81,2045500.0,0.0,1.0,7.966412759845567,7.998447887041729,7.76180130227008,7.937477806249033,16364000.0
2005-03-31,82.7,83.8,82.44,83.31,1346100.0,0.0,1.0,8.546145222976111,8.659818254962492,8.51927705177933,8.609182086168559,10768800.0
2005-02-28,86.8,87.89,86.73,86.95,1561300.0,0.0,1.0,8.9440424368286,9.056358177106748,8.936829499379545,8.959498731362292,12490400.0
2005-01-31,86.5,86.9,86.2,86.63,843400.0,0.0,1.0,8.91312984776122,8.954346633184395,8.88221725869384,8.926525303023752,6747200.0
2004-12-31,90.8,91.44,90.69,90.69,555600.0,0.0,1.0,9.356210291060332,9.42215714773741,9.34487567506896,9.34487567506896,4444800.0
2004-11-30,85.74,86.27,84.39,84.66,1077900.0,0.0,1.0,8.809653269472637,8.864109955183162,8.670942843606202,8.698684928779489,8623200.0
2004-10-31,81.22,81.95,81.07,81.31,858600.0,0.0,1.0,8.345230213979095,8.420236592410573,8.329817944438378,8.354477575703523,6868800.0
2004-09-30,78.53,79.23,78.24,78.8,1708100.0,0.0,1.0,8.068836846882274,8.14076077140561,8.039039792436892,8.09657893205556,13664800.0
2004-08-31,74.9,75.32,74.71,75.31,807900.0,0.0,1.0,7.675373141289674,7.7184126168483065,7.655902902346481,7.7173878674302445,6463200.0
2004-07-31,72.75,72.75,71.89,72.71,900100.0,0.0,1.0,7.455052016406191,7.455052016406191,7.366923566452799,7.45095301873394,7200800.0
2004-06-30,75.45,75.78,75.21,75.75,967600.0,0.0,1.0,7.731734359283123,7.7655510900791915,7.707140373249617,7.762476841825004,7740800.0
2004-05-31,71.19,71.44,70.55,71.15,800700.0,0.0,1.0,7.274770698210974,7.300317722716561,7.209370315476671,7.270683174290081,6405600.0
2004-04-30,72.15,72.89,71.81,71.95,1161900.0,0.0,1.0,7.3728712723124294,7.448490464848966,7.338127318984831,7.352433652707959,9295200.0
2004-03-31,76.67,78.09,76.45,77.87,1815400.0,0.0,1.0,7.834761475373443,7.979868574565177,7.812280093808527,7.957387193000261,14523200.0
2004-02-29,73.9,74.45,73.25,73.25,1624000.0,0.0,1.0,7.531530303777148,7.58758364162664,7.465285449955021,7.465285449955021,12992000.0
2004-01-31,68.33,69.78,67.85,69.66,1160700.0,0.0,1.0,6.9638628641013876,7.111639845704593,6.91494358743274,7.099410026537431,9285600.0
2003-12-31,68.0,68.54,68.0,68.46,1096300.0,0.0,1.0,6.930230861391692,6.985265047643921,6.930230861391692,6.977111834865812,8770400.0
2003-11-30,67.4,67.48,67.12,67.25,341200.0,0.0,1.0,6.847910300721376,6.856038384164369,6.819462008670902,6.832670144265764,2729600.0
2003-10-31,63.11,64.24,63.04,63.9,1477300.0,0.0,1.0,6.41204182609089,6.526851004723162,6.404929753078272,6.492306650090444,11818400.0
2003-09-30,60.99,61.09,60.2,60.82,1808600.0,0.0,1.0,6.196647614851583,6.206807719155324,6.11638279085203,6.1793754375352234,14468800.0
2003-08-31,56.22,57.07,56.2,56.98,1329300.0,0.0,1.0,5.697712740590518,5.783857454740321,5.6956858061399345,5.774736249712695,10634400.0
2003-07-31,51.51,52.44,51.13,51.74,1473000.0,0.0,1.0,5.220369677478078,5.314622129430216,5.18185792291699,5.24367942365979,11784000.0
2003-06-30,53.1,53.65,52.76,53.49,6250100.0,0.0,1.0,5.381510966299476,5.437251663690525,5.3470530806395535,5.421036188085856,50000800.0
2003-05-31,54.99,56.56,54.99,55.99,1725800.0,0.0,1.0,5.558982897455688,5.717695447901322,5.558982897455688,5.660073693917876,13806400.0
2003-04-30,54.28,54.28,53.12,53.53,1779200.0,0.0,1.0,5.487208431967535,5.487208431967535,5.369943108071397,5.4113903346208945,14233600.0
2003-03-31,52.05,52.1,51.4,51.42,1779800.0,0.0,1.0,5.261775955856857,5.266830495679966,5.196066938156435,5.198088754085679,14238400.0
2003-02-28,46.23,46.98,45.92,46.37,1336700.0,0.0,1.0,4.660112912126563,4.735715003497858,4.628864047693096,4.674225302515872,10693600.0
2003-01-31,44.77,45.26,44.18,44.54,1476100.0,0.0,1.0,4.512940840923779,4.562334207286357,4.453467195711694,4.489756199569915,11808800.0
2002-12-31,44.45,44.7,44.09,44.47,931300.0,0.0,1.0,4.48068394860536,4.505884645729124,4.444394944747139,4.4827000043752605,7450400.0
2002-11-30,45.34,45.63,44.72,44.78,525200.0,0.0,1.0,4.555836396222784,4.584976064394478,4.49353779530399,4.4995666921670985,4201600.0
2002-10-31,47.1,47.79,46.9,47.19,1097500.0,0.0,1.0,4.732684037540651,4.802016351466405,4.712587714663621,4.741727382835315,8780000.0
2002-09-30,43.05,43.39,41.87,43.18,1319000.0,0.0,1.0,4.325733499280786,4.3598972481717375,4.207165194306307,4.338796109150856,10552000.0
2002-08-31,43.05,43.87,43.0,43.18,1354500.0,0.0,1.0,4.313344763721987,4.395503711602405,4.308335071778059,4.3263699627762,10836000.0
2002-07-31,50.05,50.05,47.7,49.29,2177100.0,0.0,1.0,5.014701635871903,5.014701635871903,4.779246114507289,4.938554318324198,17416800.0
2002-06-30,54.5,56.3,53.65,53.65,4773300.0,0.0,1.0,5.460564218881493,5.6409131288629,5.375399455834717,5.375399455834717,38186400.0
2002-05-31,53.4,54.34,53.36,53.75,870300.0,0.0,1.0,5.3376297335921175,5.431588009801418,5.333631509072573,5.372614198138134,6962400.0
2002-04-30,54.0,54.1,52.8,53.33,1318800.0,0.0,1.0,5.397603101385288,5.4075986626841495,5.277656365798948,5.330632840682915,10550400.0
2002-03-31,60.55,61.15,59.85,60.01,888200.0,0.0,1.0,6.0523123664607255,6.112285734253895,5.982343437368694,5.998336335446872,7105600.0
2002-02-28,58.77,59.24,58.05,58.86,1328600.0,0.0,1.0,5.863180704777361,5.910070188038299,5.7913500070159225,5.87215954199754,10628800.0
2002-01-31,60.75,60.84,59.68,59.91,2040900.0,0.0,1.0,6.060715123621314,6.069693960841494,5.9539667255591775,5.976912642899636,16327200.0
2001-12-31,56.48,57.55,56.13,56.24,821300.0,0.0,1.0,5.634719179952787,5.741467578014924,5.599801479652089,5.610775614032308,6570400.0
2001-11-30,51.6,53.25,51.6,52.99,1519300.0,0.0,1.0,5.1366247438630355,5.300877279277261,5.1366247438630355,5.274995061575625,12154400.0
2001-10-31,48.4,50.1,48.4,49.36,2039400.0,0.0,1.0,4.818074372150599,4.987304257122831,4.818074372150599,4.91363948366433,16315200.0
2001-09-30,46.1,47.3,45.26,46.81,1290300.0,0.0,1.0,4.589116292482286,4.708572681874449,4.505496819907771,4.659794656205983,10322400.0
2001-08-31,49.51,51.18,49.51,50.0,1083300.0,0.0,1.0,4.915181707029757,5.080973535968147,4.915181707029757,4.9638272137242545,8666400.0
2001-07-31,46.1,47.6,45.6,47.55,1476200.0,0.0,1.0,4.576648691053763,4.72556350746549,4.527010418916521,4.720599680251766,11809600.0
2001-06-30,42.1,42.5,41.91,41.99,2996600.0,0.0,1.0,4.179542513955822,4.219253131665616,4.16067997054367,4.168622094085629,23972800.0
2001-05-31,40.75,41.52,40.7,41.1,1398900.0,0.0,1.0,4.0338128299809695,4.110034569345028,4.0288633663859015,4.068459075146451,11191200.0
2001-04-30,41.62,42.02,41.11,41.81,1172700.0,0.0,1.0,4.119933496535165,4.159529205295715,4.069448967865465,4.138741458196426,9381600.0
2001-03-31,40.3,40.65,38.8,40.55,548900.0,0.0,1.0,3.9892676576253514,4.023913902790833,3.840783749773291,4.014014975600695,4391200.0
2001-02-28,39.7,39.7,37.46,39.05,2910900.0,0.0,1.0,3.9170103494943986,3.9170103494943986,3.6960001937546645,3.852877938230636,23287200.0
2001-01-31,54.0,55.54,53.61,55.02,926000.0,0.0,1.0,5.327923397297167,5.479867879368234,5.289443950538909,5.428561950357225,7408000.0
2000-12-31,56.75,57.0,55.19,55.81,1096600.0,0.0,1.0,5.59925282956693,5.623919141591454,5.4453350425339,5.50650749635472,8772800.0
2000-11-30,42.81,43.44,42.5,42.63,1185000.0,0.0,1.0,4.213325956189004,4.275330052250649,4.18281600415867,4.195610500171391,9480000.0
2000-10-31,38.94,39.94,38.56,39.94,1461300.0,0.0,1.0,3.83244365181032,3.930862851908171,3.795044355773137,3.930862851908171,11690400.0
2000-09-30,40.13,40.31,39.81,40.06,603400.0,0.0,1.0,3.9495624999267633,3.9672779559443763,3.9180683558954508,3.9426731559199135,4827200.0
2000-08-31,40.94,40.94,39.56,39.58,1493100.0,0.0,1.0,4.016762273491245,4.016762273491245,3.8813657923623266,3.883328060204774,11944800.0
2000-07-31,43.94,44.44,42.88,43.75,629100.0,0.0,1.0,4.311102449858458,4.360159145919661,4.20710225420871,4.292460905355202,5032800.0
2000-06-30,39.63,39.91,38.44,39.81,1315800.0,0.0,1.0,3.888233729810895,3.9157054796051676,3.7714787931852327,3.9058941403929275,10526400.0
2000-05-31,44.13,44.13,42.38,42.5,965900.0,0.0,1.0,4.3166500105078,4.3166500105078,4.145470823596659,4.157208824984851,7727200.0
2000-04-30,44.5,44.94,43.13,43.44,965000.0,0.0,1.0,4.352842181454727,4.395881519878099,4.218833332272862,4.249156502525692,7720000.0
2000-03-31,38.75,40.0,38.44,39.63,1879600.0,0.0,1.0,3.790396281603835,3.912667129397507,3.7600731113510037,3.87647495845058,15036800.0
2000-02-29,27.88,29.13,27.88,28.44,1571900.0,0.0,1.0,2.718005613703505,2.83986741489179,2.718005613703505,2.772599700635857,12575200.0
2000-01-31,46.0,46.19,45.44,45.5,578400.0,0.0,1.0,4.484514283728882,4.503037277509502,4.42992019679653,4.435769563253569,4627200.0
1999-12-31,49.5,49.75,49.25,49.56,225300.0,0.0,1.0,4.82572732705608,4.850099687293737,4.801354966818423,4.831576693513118,1802400.0
1999-11-30,46.38,46.75,45.88,46.0,1062000.0,0.0,1.0,4.509715974574234,4.545692578942333,4.4610989416443685,4.472767029547536,8496000.0
1999-10-31,55.94,57.06,55.31,56.0,1433300.0,0.0,1.0,5.439273644193243,5.54817579795614,5.3780161827016135,5.445107688144827,11466400.0
1999-09-30,56.75,56.88,55.44,56.88,2081300.0,0.0,1.0,5.5180332375396235,5.530673666101388,5.3906566112633785,5.530673666101388,16650400.0
1999-08-31,49.13,49.13,46.19,46.75,1271000.0,0.0,1.0,4.7666621769445,4.7666621769445,4.481419213374037,4.535751206435078,10168000.0
1999-07-31,53.69,54.69,51.75,52.0,960600.0,0.0,1.0,5.209079834727258,5.3061012509076875,5.020858287337226,5.045113641382333,7684800.0
1999-06-30,64.94,64.94,63.06,63.38,1710800.0,0.0,1.0,6.30057076675709,6.30057076675709,6.118170504337883,6.149217357515621,13686400.0
1999-05-31,58.94,61.38,58.94,60.94,638600.0,0.0,1.0,5.706309789611555,5.942539784295169,5.706309789611555,5.899940932794845,5108800.0
1999-04-30,62.31,62.69,60.88,62.19,709000.0,0.0,1.0,6.032578265875399,6.069368183080224,5.894131998499347,6.0209603972844015,5672000.0
1999-03-31,57.56,58.75,55.94,57.69,1115800.0,0.0,1.0,5.572704300815086,5.6879148310091425,5.41586307483662,5.585290325121999,8926400.0
1999-02-28,53.69,54.0,53.25,53.44,773300.0,0.0,1.0,5.186863489540266,5.216811853886652,5.144356133693782,5.162711582809309,6186400.0
1999-01-31,42.63,45.88,42.5,45.5,2152200.0,0.0,1.0,4.11838313576274,4.432357923265178,4.105824144262643,4.3956470250341235,17217600.0
1998-12-31,40.5,41.19,40.25,40.56,997900.0,0.0,1.0,3.912608890414989,3.9792681529924296,3.8884569836840326,3.918405348030419,7983200.0
1998-11-30,40.0,40.44,39.31,40.0,1249400.0,0.0,1.0,3.8531633996528747,3.895548197049056,3.7866963310088626,3.8531633996528747,9995200.0
1998-10-31,43.88,44.88,43.25,43.38,1154200.0,0.0,1.0,4.226920249419204,4.323249334410526,4.166232925874671,4.178755706923543,9233600.0
1998-09-30,38.81,38.81,36.75,36.81,681500.0,0.0,1.0,3.738531788513202,3.738531788513202,3.5400938734310787,3.545873618530558,5452000.0
1998-08-31,35.56,35.75,34.63,34.69,2550400.0,0.0,1.0,3.4133259920972825,3.4315636731574193,3.324057342697663,3.3298166104008637,20403200.0
1998-07-31,45.56,45.94,43.94,44.5,716900.0,0.0,1.0,4.373203942630826,4.4096793047511005,4.217703714644392,4.27145687987427,5735200.0
1998-06-30,49.38,49.69,48.0,48.69,1603000.0,0.0,1.0,4.73987731973464,4.769633536201179,4.60741416256101,4.673645741147825,12824000.0
1998-05-31,46.81,47.0,45.94,46.0,843200.0,0.0,1.0,4.480793683174561,4.498981053390394,4.3975146721862695,4.403258052254428,6745600.0
1998-04-30,48.31,48.56,47.56,47.75,702600.0,0.0,1.0,4.624378184878509,4.6483089351625,4.552585934026535,4.570773304242368,5620800.0
1998-03-31,43.13,44.5,43.0,44.25,1631200.0,0.0,1.0,4.128533038994206,4.259673550550479,4.11608904884653,4.235742800266488,13049600.0
1998-02-28,44.06,44.63,43.69,43.88,1728600.0,0.0,1.0,4.206553111537479,4.26097288624416,4.171227994622615,4.189367919524843,13828800.0
1998-01-31,41.63,41.75,39.88,40.06,2348300.0,0.0,1.0,3.974553019366892,3.9860098140419824,3.8074747636884854,3.8246599557011214,18786400.0
1997-12-31,39.5,40.25,39.0,39.06,2673200.0,0.0,1.0,3.771194913884031,3.8427998806033483,3.723458269404486,3.729186666742032,21385600.0
1997-11-30,49.88,49.94,48.69,48.69,662300.0,0.0,1.0,4.747963761993399,4.7536750255403035,4.634690368313123,4.634690368313123,5298400.0
1997-10-31,47.38,47.75,46.88,47.13,1276400.0,0.0,1.0,4.509994447539039,4.545213906078284,4.462400584648167,4.486197516093603,10211200.0
1997-09-30,53.63,53.75,52.75,53.0,1137800.0,0.0,1.0,5.10491773367494,5.116340260768749,5.021152534987005,5.044949466432441,9102400.0
1997-08-31,53.0,53.88,52.75,53.38,1621900.0,0.0,1.0,5.035773494321796,5.119386337246385,5.012019845763675,5.071879040130141,12975200.0
1997-07-31,63.0,64.13,62.06,62.63,1456700.0,0.0,1.0,5.985919436646663,6.093285928129373,5.896605718068126,5.950764036780644,11653600.0
1997-06-30,58.88,59.75,57.5,58.38,1474200.0,0.0,1.0,5.594459308408818,5.677122005391081,5.463339168367987,5.546952011292575,11793600.0
1997-05-31,55.5,57.63,54.88,57.5,7312600.0,0.0,1.0,5.2646438994101565,5.466692395009141,5.205831661254584,5.454360796686198,58500800.0
1997-04-30,55.63,57.13,54.63,56.25,2167800.0,0.0,1.0,5.276975497733099,5.419263170690131,5.182117049095079,5.3357877358886725,17342400.0
1997-03-31,62.0,63.0,61.38,61.88,1787500.0,0.0,1.0,5.881223815557292,5.976082264195313,5.82241157740172,5.86984080172073,14300000.0
1997-02-28,72.75,73.25,71.5,71.88,1171500.0,0.0,1.0,6.890432394302578,6.937789317974761,6.772040085122121,6.80803134711298,9372000.0
1997-01-31,67.38,68.38,66.63,68.38,968900.0,0.0,1.0,6.381819034063335,6.476532881407701,6.310783648555062,6.476532881407701,7751200.0
1996-12-31,61.38,61.38,59.38,60.0,1042300.0,0.0,1.0,5.813535949997144,5.813535949997144,5.624108255308414,5.68283084066192,8338400.0
1996-11-30,55.625,56.0,54.875,55.875,514800.0,0.0,1.0,5.258368793079287,5.293818470336001,5.187469438565858,5.28200191125043,4118400.0
1996-10-31,62.0,62.625,60.375,60.875,1596500.0,0.0,1.0,5.8610133064434295,5.9200961018712865,5.707398038331001,5.754664274673287,12772000.0
1996-09-30,122.38,122.88,121.25,121.75,304100.0,0.0,1.0,5.784442003568927,5.808075121740069,5.731031156502144,5.754664274673287,4865600.0
1996-08-31,108.25,111.25,108.25,109.75,243900.0,0.0,1.0,5.1094489009152655,5.251050256136936,5.1094489009152655,5.180249578526101,3902400.0
1996-07-31,97.75,102.125,97.625,100.25,457900.0,0.0,1.0,4.61384415763942,4.820346134004356,4.60794410117185,4.731845286990811,7326400.0
1996-06-30,100.5,101.25,100.125,100.125,607600.0,0.0,1.0,4.743645399925951,4.7790457387313685,4.725945230523242,4.725945230523242,9721600.0
1996-05-31,99.375,100.875,99.0,99.375,312800.0,0.0,1.0,4.683484362528083,4.754178466113412,4.665810836631751,4.683484362528083,5004800.0
1996-04-30,88.5,89.0,88.375,89.0,433600.0,0.0,1.0,4.170952111534444,4.194516812729554,4.165060936235666,4.194516812729554,6937600.0
1996-03-31,85.75,85.875,83.125,84.125,521400.0,0.0,1.0,4.04134625496134,4.047237430260117,3.917631573687013,3.9647609760772324,8342400.0
1996-02-29,64.125,66.0,64.0,65.0,755500.0,0.0,1.0,3.015496552142633,3.103668965947973,3.009618391222277,3.056643678585125,12088000.0
1996-01-31,68.625,69.0,68.375,68.75,607900.0,0.0,1.0,3.2271103452754493,3.2447448280365174,3.2153540234347373,3.2329885061958055,9726400.0
1995-12-31,70.0,70.38,69.38,69.63,445200.0,0.0,1.0,3.2917701153993653,3.3096397245972473,3.2626144372343995,3.2743707590751114,7123200.0
1995-11-30,58.5,58.5,57.38,58.0,412000.0,0.0,1.0,2.744285930408543,2.744285930408543,2.691745755330636,2.720830495105906,6592000.0
1995-10-31,57.5,58.13,56.5,56.63,185000.0,0.0,2.0,2.6973750598032686,2.7269289082845916,2.6504641891979945,2.65656260237668,2960000.0
1995-09-30,111.8,113.5,110.8,111.1,324700.0,0.0,1.0,2.62231766683483,2.662191906849313,2.598862231532193,2.605898862122984,10390400.0
1995-08-31,94.5,94.75,92.56,92.56,198500.0,0.0,1.0,2.210540209394025,2.216388199365967,2.165159807211756,2.165159807211756,6352000.0
1995-07-31,91.5,91.63,90.13,90.38,134200.0,0.0,1.0,2.1403643297307227,2.1434052845161324,2.108317344684481,2.114165334656423,4294400.0
1995-06-30,83.63,84.38,83.25,84.0,84600.0,0.0,1.0,1.9562696054139925,1.9738135753298183,1.947380660656641,1.9649246305724666,2707200.0
1995-05-31,78.25,78.88,77.63,78.88,524500.0,0.0,1.0,1.8246466629174323,1.8393371088936363,1.81018939862339,1.8393371088936363,16784000.0
1995-04-30,76.25,76.88,76.0,76.63,241900.0,0.0,1.0,1.7780103264850378,1.7927007724612418,1.7721807844309885,1.7868712304071925,7740800.0
1995-03-31,74.0,75.13,73.75,75.0,294000.0,0.0,1.0,1.725544447998594,1.7518939780828968,1.7197149059445447,1.7488626162147913,9408000.0
1995-02-28,72.75,73.13,71.88,71.88,169500.0,0.0,1.0,1.6906757181083274,1.6995067390414018,1.6704573280773412,1.6704573280773412,5424000.0
1995-01-31,70.75,71.0,70.5,70.75,377000.0,0.0,1.0,1.6441966605658305,1.6500065427586426,1.6383867783730184,1.6441966605658305,12064000.0
1994-12-31,74.5,75.0,74.5,74.63,118600.0,0.0,1.0,1.7313448934580122,1.7429646578436366,1.7313448934580122,1.7343660321982746,3795200.0
1994-11-30,64.13,64.25,63.5,63.88,361400.0,0.0,1.0,1.4845860451624424,1.487364001273771,1.4700017755779682,1.478798636597175,11564800.0
1994-10-31,61.5,61.5,60.88,60.88,200800.0,0.0,1.0,1.4237025070558276,1.4237025070558276,1.409349733813964,1.409349733813964,6425600.0
1994-09-30,58.13,59.88,58.13,59.25,291200.0,0.0,1.0,1.3456882395960204,1.3862000995528936,1.3456882395960204,1.3716158299684191,9318400.0
1994-08-31,64.38,64.5,64.0,64.38,217300.0,0.0,1.0,1.4857218511879857,1.4884911370243101,1.4769524460396255,1.4857218511879857,6953600.0
1994-07-31,62.25,62.25,61.5,61.5,149200.0,0.0,1.0,1.4365670275932294,1.4365670275932294,1.4192589911162026,1.4192589911162026,4774400.0
1994-06-30,59.0,59.88,59.0,59.75,185000.0,0.0,1.0,1.3615655361927796,1.3818736323258247,1.3615655361927796,1.3788735726698067,5920000.0
1994-05-31,59.5,59.5,58.75,59.0,206100.0,0.0,1.0,1.3682820876614767,1.3682820876614767,1.3510348344556597,1.3567839188575987,6595200.0
1994-04-30,53.63,54.13,53.5,53.63,94600.0,0.0,1.0,1.2332935859039496,1.2447917547078275,1.2303040620149412,1.2332935859039496,3027200.0
1994-03-31,53.88,53.88,52.25,53.0,416700.0,0.0,1.0,1.2390426703058885,1.2390426703058885,1.2015586400052463,1.2188058932110633,13334400.0
1994-02-28,50.5,52.0,50.5,51.75,572900.0,0.0,1.0,1.1569801665892407,1.1913459141116935,1.1569801665892407,1.1856182895246181,18332800.0
1994-01-31,50.25,51.38,49.75,50.0,410700.0,0.0,1.0,1.1512525420021653,1.1771414051357465,1.1397972928280145,1.1455249174150899,13142400.0
1993-12-31,45.75,46.63,45.75,46.25,188400.0,0.0,1.0,1.0481552994348073,1.0683165379813129,1.0481552994348073,1.0596105486089582,6028800.0
1993-11-30,48.0,48.38,47.75,47.88,225600.0,0.0,1.0,1.09509300281191,1.1037624890841709,1.0893893934222645,1.0923552703048802,7219200.0
1993-10-31,48.0,48.5,47.5,48.38,248200.0,0.0,1.0,1.09509300281191,1.1065002215912005,1.083685784032619,1.1037624890841709,7942400.0
1993-09-30,44.88,45.5,44.75,45.0,272900.0,0.0,1.0,1.0239119576291358,1.0380569089154563,1.02094608074652,1.0266496901361655,8732800.0
1993-08-31,53.5,54.63,53.25,53.88,202100.0,0.0,1.0,1.2159075043224448,1.2415892889931808,1.210225693554583,1.224543856689595,6467200.0
1993-07-31,56.25,56.38,55.75,56.25,145200.0,0.0,1.0,1.2784074227689257,1.281361964368214,1.267043801233202,1.2784074227689257,4646400.0
1993-06-30,55.25,55.5,54.63,55.38,314300.0,0.0,1.0,1.2556801796974781,1.26136199046534,1.2415892889931808,1.2586347212967663,10057600.0
1993-05-31,73.75,74.38,71.38,72.5,374900.0,0.0,1.0,1.6713588654750438,1.6856362361224915,1.6176487568489302,1.6430307491110598,11996800.0
1993-04-30,69.13,69.25,67.75,68.25,436300.0,0.0,1.0,1.5666581473937595,1.569377646564702,1.5353839069279214,1.546715153473515,13961600.0
1993-03-31,77.13,77.88,76.5,76.63,163900.0,0.0,1.0,1.7479580921232558,1.764954961941646,1.7336807214758079,1.7366268455776621,5244800.0
1993-02-28,71.75,73.25,71.63,72.13,266700.0,0.0,1.0,1.6216141079436817,1.655515448179438,1.618902000724821,1.6302024474700731,8534400.0
1993-01-31,81.25,81.63,80.75,81.63,117100.0,0.0,1.0,1.8363225961034721,1.8449109356298636,1.82502214935822,1.8449109356298636,3747200.0
1992-12-31,84.38,84.5,83.0,83.0,158000.0,0.0,1.0,1.9070633927287504,1.909775499947611,1.8758741597118547,1.8758741597118547,5056000.0
1992-11-30,87.13,87.13,86.0,86.25,323400.0,0.0,1.0,1.9646405341914206,1.9646405341914206,1.9391608623948373,1.944797957925055,10348800.0
1992-10-31,77.25,78.25,76.75,77.88,163900.0,0.0,1.0,1.741862518837223,1.7644109009580933,1.730588327776788,1.7560679995733712,5244800.0
1992-09-30,79.0,80.38,79.0,79.5,460600.0,0.0,1.0,1.781322187548746,1.8124389548755466,1.781322187548746,1.792596378609181,14739200.0
1992-08-31,72.13,72.38,71.5,72.38,137900.0,0.0,1.0,1.623033482622903,1.6286588586197936,1.6088575351107386,1.6286588586197936,4412800.0
1992-07-31,70.5,72.25,69.75,71.75,270000.0,0.0,1.0,1.5863560311231757,1.6257336631014105,1.5694799031325037,1.6144829111076293,8640000.0
1992-06-30,61.38,62.75,61.25,62.13,249700.0,0.0,1.0,1.3811423147566033,1.4119693752195643,1.3782171192382202,1.3980184427472755,7990400.0
1992-05-31,57.63,58.75,57.63,58.0,418100.0,0.0,1.0,1.293380582308536,1.318516557532995,1.293380582308536,1.3016844312666163,13379200.0
1992-04-30,61.0,63.5,61.0,62.63,519500.0,0.0,1.0,1.3690129363321308,1.4251200238867263,1.3690129363321308,1.4055947574177272,16624000.0
1992-03-31,67.25,67.75,67.13,67.38,141900.0,0.0,1.0,1.5092806552186195,1.5205020727295386,1.5065875150159989,1.5121982237714584,4540800.0
1992-02-29,72.75,73.5,72.13,73.0,215200.0,0.0,1.0,1.6292190689557393,1.6460151418315716,1.6153343153783843,1.63481775991435,6886400.0
1992-01-31,74.0,74.5,72.75,73.63,234800.0,0.0,1.0,1.6572125237487931,1.6684099056660149,1.6292190689557393,1.6489264611300491,7513600.0
1991-12-31,74.25,75.75,71.75,72.13,396400.0,0.0,1.0,1.662811214707404,1.6964033604590687,1.606824305121296,1.6153343153783843,12684800.0
1991-11-30,58.63,59.25,58.13,58.88,70800.0,0.0,1.0,1.3096611878147262,1.323510581238658,1.2984923221502649,1.315245620646957,2265600.0
1991-10-31,55.0,56.5,55.0,55.25,338600.0,0.0,1.0,1.2285752230907374,1.2620818200841213,1.2285752230907374,1.2341596559229682,10835200.0
1991-09-30,53.25,54.25,53.13,54.13,209400.0,0.0,1.0,1.1894841932651232,1.2118219245940456,1.1868036655056524,1.209141396834575,6700800.0
1991-08-31,49.13,50.0,49.0,49.88,333800.0,0.0,1.0,1.094302373496778,1.1136804126773643,1.091406804423817,1.1110075796869385,10681600.0
1991-07-31,42.0,43.63,41.75,43.63,488400.0,0.0,1.0,0.9354915466489859,0.971797528102268,0.9299231445855991,0.971797528102268,15628800.0
1991-06-30,36.0,36.38,35.75,36.13,300200.0,0.0,1.0,0.8018498971277023,0.8103138682640503,0.7962814950643154,0.8047454662006635,9606400.0
1991-05-31,38.5,40.0,38.5,39.75,970000.0,0.0,1.0,0.8544373289432413,0.887727095005965,0.8544373289432413,0.8821788006621777,31040000.0
1991-04-30,47.75,48.5,47.25,47.5,421300.0,0.0,1.0,1.0597242196633707,1.0763691026947326,1.0486276309757963,1.0541759253195835,13481600.0
1991-03-31,45.63,46.25,45.63,46.13,224300.0,0.0,1.0,1.0126746836280547,1.0264344536006471,1.0126746836280547,1.0237712723156291,7177600.0
1991-02-28,49.13,49.13,48.0,48.0,225900.0,0.0,1.0,1.08743709738588,1.08743709738588,1.0624258228072916,1.0624258228072916,7228800.0
1991-01-31,44.88,47.75,44.88,47.75,495800.0,0.0,1.0,0.9933681443248177,1.0568923549801703,0.9933681443248177,1.0568923549801703,15865600.0
1990-12-31,39.38,40.25,38.75,40.25,190500.0,0.0,1.0,0.8716318521281489,0.890888320166531,0.8576875132038031,0.890888320166531,6096000.0
1990-11-30,36.13,36.25,32.38,34.13,2617000.0,0.0,1.0,0.7966411604450975,0.7992870762838301,0.7139562904847012,0.7525425631328861,83744000.0
1990-10-31,27.25,28.0,27.25,27.5,191800.0,0.0,1.0,0.6008433883788792,0.6173803623709584,0.6008433883788792,0.6063557130429056,6137600.0
1990-09-30,60.75,63.25,57.75,62.5,778600.0,0.0,1.0,0.6697474466792094,0.6973090699993414,0.6366734986950509,0.6890405830033018,49830400.0
1990-08-31,64.0,66.0,63.0,65.5,361800.0,0.0,1.0,0.7034931328979057,0.7254772933009652,0.692501052696376,0.7199812532002003,23155200.0
1990-07-31,86.5,86.75,84.75,86.0,500700.0,0.0,1.0,0.9508149374323257,0.9535629574827081,0.9315787970796486,0.9453188973315608,32044800.0
1990-06-30,77.5,78.0,76.0,76.75,281300.0,0.0,1.0,0.8518862156185577,0.8573822557193226,0.8353980953162631,0.8436421554674104,18003200.0
1990-05-31,80.0,80.25,78.0,78.5,393200.0,0.0,1.0,0.8770431230811077,0.8797838828407362,0.8551170450040799,0.8605985645233369,25164800.0
1990-04-30,67.75,68.75,67.0,68.75,375700.0,0.0,1.0,0.7427458948593131,0.7537089338978269,0.7345236155804277,0.7537089338978269,24044800.0
1990-03-31,68.25,69.25,67.0,67.75,332100.0,0.0,1.0,0.74822741437857,0.7591904534170838,0.7345236155804277,0.7427458948593131,21254400.0
1990-02-28,54.75,56.75,54.5,56.75,289000.0,0.0,1.0,0.5982963989748431,0.6201519751931023,0.5955644519475608,0.6201519751931023,18496000.0
1990-01-31,50.25,51.25,50.0,50.5,464100.0,0.0,1.0,0.5491213524837602,0.5600491405928897,0.5463894054564777,0.5518532995110426,29702400.0
1989-12-31,52.5,54.25,52.25,53.25,254700.0,0.0,1.0,0.5737088757293016,0.5928325049202784,0.5709769287020192,0.5819047168111489,16300800.0
1989-11-30,58.25,59.5,58.0,59.0,449800.0,0.0,1.0,0.6342373397576777,0.6478475831001171,0.6315152910891899,0.6424034857631414,28787200.0
1989-10-31,59.0,61.75,59.0,61.5,296700.0,0.0,1.0,0.6424034857631414,0.6723460211165082,0.6424034857631414,0.6696239724480203,18988800.0
1989-09-30,68.0,68.13,66.25,66.5,537900.0,0.0,1.0,0.7403972378287054,0.741812703136319,0.7213428971492901,0.724064945817778,34425600.0
1989-08-31,51.0,52.12,51.0,52.12,360800.0,0.0,1.0,0.5538371305943328,0.5659998283642476,0.5538371305943328,0.5659998283642476,23091200.0
1989-07-31,45.25,46.38,45.25,46.38,367200.0,0.0,1.0,0.49139470900771687,0.5036660022934345,0.49139470900771687,0.5036660022934345,23500800.0
1989-06-30,41.25,41.75,40.75,40.75,271700.0,0.0,1.0,0.4479565026865927,0.45338627847673324,0.44252672689645217,0.44252672689645217,17388800.0
1989-05-31,37.62,38.25,37.37,38.0,568400.0,0.0,1.0,0.40711186625752904,0.4139295290895929,0.4044064444987735,0.4112241073308374,36377600.0
1989-04-30,36.63,36.75,36.38,36.63,102300.0,0.0,1.0,0.39639839609285726,0.39769699853705986,0.3936929743341017,0.39639839609285726,6547200.0
1989-03-31,33.5,33.75,33.37,33.62,173300.0,0.0,1.0,0.36252651567323824,0.3652319374319938,0.36111969635868535,0.3638251181174409,11091200.0
1989-02-28,29.62,30.13,29.5,30.0,205700.0,0.0,1.0,0.31907694883763843,0.32457084633619326,0.31778426707327256,0.32317044109146364,13164800.0
1989-01-31,29.87,30.5,29.5,30.25,465700.0,0.0,1.0,0.32177003584673397,0.32855661510965467,0.31778426707327256,0.32586352810055913,29804800.0
1988-12-31,26.62,26.75,26.5,26.5,208500.0,0.0,1.0,0.28675990472849205,0.28816030997322173,0.2854672229641262,0.2854672229641262,13344000.0
1988-11-30,28.13,28.5,28.0,28.38,711100.0,0.0,1.0,0.3013599507568486,0.3053238036462917,0.2999672456875848,0.30403822973620204,45510400.0
1988-10-31,32.25,32.25,31.75,32.0,133000.0,0.0,1.0,0.34549798833659323,0.34549798833659323,0.3401414303778864,0.3428197093572398,8512000.0
1988-09-30,29.25,29.62,29.25,29.5,303000.0,0.0,1.0,0.31335864058435203,0.3173224934737951,0.31335864058435203,0.31603691956370544,19392000.0
1988-08-31,24.87,25.5,24.75,25.38,272200.0,0.0,1.0,0.26550749372657395,0.2722332565350879,0.26422639604876175,0.2709521588572757,17420800.0
1988-07-31,25.13,25.5,25.13,25.5,148000.0,0.0,1.0,0.26828320536183364,0.2722332565350879,0.26828320536183364,0.2722332565350879,9472000.0
1988-06-30,28.5,28.75,28.25,28.5,365500.0,0.0,1.0,0.30426069848039233,0.3069296519758344,0.3015917449849503,0.30426069848039233,23392000.0
1988-05-31,23.87,24.25,23.87,24.25,291700.0,0.0,1.0,0.25381641408845196,0.2578570608146192,0.25381641408845196,0.2578570608146192,18668800.0
1988-04-30,25.0,25.13,24.87,25.13,223700.0,0.0,1.0,0.26583202145837026,0.2672143479699538,0.2644496949467868,0.2672143479699538,14316800.0
1988-03-31,22.62,23.0,22.0,22.25,1297200.0,0.0,1.0,0.24052481301553344,0.24456545974170066,0.23393217888336584,0.23659049909794955,83020800.0
1988-02-29,20.75,21.25,20.62,21.25,356400.0,0.0,1.0,0.21971038987701375,0.22500461613911046,0.2183338910488686,0.22500461613911046,22809600.0
1988-01-31,17.75,17.75,17.25,17.75,203100.0,0.0,1.0,0.18794503230443343,0.18794503230443343,0.18265080604233672,0.18794503230443343,12998400.0
1987-12-31,19.5,19.5,19.13,19.5,255200.0,0.0,1.0,0.20647482422177196,0.20647482422177196,0.20255709678782036,0.20647482422177196,16332800.0
1987-11-30,15.75,15.75,15.25,15.62,1018100.0,0.0,1.0,0.16568168994493226,0.16568168994493226,0.16042195375620424,0.16431415853586295,65158400.0
1987-10-31,15.87,16.75,15.87,16.75,275800.0,0.0,1.0,0.16694402663022698,0.17620116232238828,0.16694402663022698,0.17620116232238828,17651200.0
1987-09-30,23.38,24.0,23.0,23.87,421100.0,0.0,1.0,0.24594526418492166,0.2524673370589444,0.24194786468148838,0.2510998056498751,26950400.0
1987-08-31,21.13,21.75,21.13,21.5,139900.0,0.0,1.0,0.2222764513356456,0.22879852420966834,0.2222764513356456,0.22616865611530435,8953600.0
1987-07-31,21.13,22.0,21.13,21.38,588500.0,0.0,1.0,0.2222764513356456,0.23142839230403237,0.2222764513356456,0.2249063194300096,37664000.0
1987-06-30,17.13,17.25,16.62,16.87,376400.0,0.0,1.0,0.18019856182582156,0.18146089851111627,0.174833630913319,0.17746349900768302,24089600.0
1987-05-31,15.62,17.13,15.5,16.87,1611700.0,0.0,1.0,0.16431415853586295,0.18019856182582156,0.16305182185056824,0.17746349900768302,103148800.0
1987-04-30,16.75,16.75,16.5,16.75,113400.0,0.0,1.0,0.17620116232238828,0.17620116232238828,0.17357129422802428,0.17620116232238828,7257600.0
1987-03-31,17.25,18.13,17.13,18.13,359100.0,0.0,1.0,0.18146089851111627,0.19071803420327757,0.18019856182582156,0.19071803420327757,22982400.0
1987-02-28,13.25,15.0,13.25,15.0,522800.0,0.0,1.0,0.13938300900129222,0.15779208566184025,0.13938300900129222,0.15779208566184025,33459200.0
1987-01-31,12.5,12.5,12.13,12.38,132000.0,0.0,1.0,0.1314934047182002,0.1314934047182002,0.1276011999385415,0.1302310680329055,8448000.0
1986-12-31,11.75,11.87,11.5,11.75,80200.0,0.0,1.0,0.12360380043510819,0.12486613712040291,0.12097393234074419,0.12360380043510819,5132800.0
1986-11-30,13.87,14.25,13.75,14.0,194200.0,0.0,1.0,0.14590508187531495,0.14990248137874823,0.1446427451900202,0.14727261328438424,12428800.0
1986-10-31,13.13,15.13,12.87,14.62,1111500.0,0.0,1.0,0.1381206723159975,0.15915961707090953,0.1353856094978589,0.15379468615840694,71136000.0
1986-09-30,10.87,11.0,10.38,10.62,211600.0,0.0,1.0,0.11434666474294689,0.11571419615201618,0.10919212327799346,0.11171679664858289,13542400.0
1986-08-31,14.75,14.87,14.62,14.62,160700.0,0.0,1.0,0.15516221756747625,0.15642455425277096,0.15379468615840694,0.15379468615840694,10284800.0
1986-07-31,13.87,14.25,13.75,14.0,420700.0,0.0,1.0,0.14590508187531495,0.14990248137874823,0.1446427451900202,0.14727261328438424,26924800.0
1986-06-30,19.25,19.62,19.25,19.5,229300.0,0.0,1.0,0.20249984326602832,0.20639204804568706,0.20249984326602832,0.20512971136039232,14675200.0
1986-05-31,17.25,17.87,17.13,17.5,327300.0,0.0,1.0,0.18146089851111627,0.18798297138513903,0.18019856182582156,0.1840907666054803,20947200.0
1986-04-30,16.38,16.5,16.0,16.13,348700.0,0.0,1.0,0.17230895754272954,0.17357129422802428,0.16831155803929626,0.16967908944836554,22316800.0
1986-03-31,18.38,18.5,17.87,18.13,303200.0,0.0,1.0,0.19334790229764157,0.1946102389829363,0.18798297138513903,0.19071803420327757,19404800.0
1986-02-28,16.5,16.62,16.25,16.38,178900.0,0.0,1.0,0.17357129422802428,0.174833630913319,0.17094142613366026,0.17230895754272954,11449600.0
1986-01-31,16.87,17.0,16.75,16.87,448400.0,0.0,1.0,0.17746349900768302,0.17883103041675227,0.17620116232238828,0.17746349900768302,28697600.0
1985-12-31,14.0,14.25,14.0,14.13,55700.0,0.0,1.0,0.14727261328438424,0.14990248137874823,0.14727261328438424,0.14864014469345352,3564800.0
1985-11-30,13.38,13.5,13.13,13.25,79600.0,0.0,1.0,0.1407505404103615,0.14201287709565621,0.1381206723159975,0.13938300900129222,5094400.0
1985-10-31,13.62,13.75,13.5,13.5,95700.0,0.0,1.0,0.14327521378095093,0.1446427451900202,0.14201287709565621,0.14201287709565621,6124800.0
1985-09-30,13.13,13.62,13.13,13.38,323900.0,0.0,1.0,0.1381206723159975,0.14327521378095093,0.1381206723159975,0.1407505404103615,20729600.0
1985-08-31,12.5,12.62,12.38,12.5,140900.0,0.0,1.0,0.1314934047182002,0.13275574140349491,0.1302310680329055,0.1314934047182002,9017600.0
1985-07-31,11.25,11.25,11.13,11.25,45700.0,0.0,1.0,0.11834406424638018,0.11834406424638018,0.11708172756108547,0.11834406424638018,2924800.0
1985-06-30,11.0,11.0,10.62,10.75,183000.0,0.0,1.0,0.11571419615201618,0.11571419615201618,0.11171679664858289,0.11308432805765217,11712000.0
1985-05-31,11.25,11.5,11.13,11.13,110200.0,0.0,1.0,0.11834406424638018,0.12097393234074419,0.11708172756108547,0.11708172756108547,7052800.0
1985-04-30,9.87,10.0,9.75,9.87,110500.0,0.0,1.0,0.10382719236549087,0.10519472377456016,0.10256485568019616,0.10382719236549087,7072000.0
1985-03-31,8.75,8.87,8.75,8.75,22000.0,0.0,1.0,0.09204538330274015,0.09330771998803486,0.09204538330274015,0.09204538330274015,1408000.0
1985-02-28,9.25,9.25,9.0,9.13,132800.0,0.0,1.0,0.09730511949146815,0.09730511949146815,0.09467525139710414,0.09604278280617344,8499200.0
1985-01-31,9.5,9.5,9.25,9.25,110000.0,0.0,1.0,0.09993498758583215,0.09993498758583215,0.09730511949146815,0.09730511949146815,7040000.0
1984-12-31,7.87,8.0,7.75,7.87,145200.0,0.0,1.0,0.08278824761057885,0.08415577901964813,0.08152591092528412,0.08278824761057885,9292800.0
1984-11-30,7.75,7.87,7.62,7.75,78600.0,0.0,1.0,0.08152591092528412,0.08278824761057885,0.08015837951621485,0.08152591092528412,5030400.0
1984-10-31,7.38,7.5,6.62,6.87,267500.0,0.0,1.0,0.0776337061456254,0.07889604283092012,0.06963890713875882,0.07226877523312283,17120000.0
1984-09-30,9.0,9.0,8.75,9.0,90900.0,0.0,1.0,0.09467525139710414,0.09467525139710414,0.09204538330274015,0.09467525139710414,5817600.0
1984-08-31,10.13,10.38,10.13,10.25,77000.0,0.0,1.0,0.10656225518362945,0.10919212327799346,0.10656225518362945,0.10782459186892417,4928000.0
1984-07-31,8.62,8.62,8.38,8.38,23900.0,0.0,1.0,0.09067785189367085,0.09067785189367085,0.08815317852308142,0.08815317852308142,1529600.0
1984-06-30,9.87,10.0,9.87,10.0,146500.0,0.0,1.0,0.10382719236549087,0.10519472377456016,0.10382719236549087,0.10519472377456016,9376000.0
1984-05-31,9.75,9.87,9.62,9.75,30400.0,0.0,1.0,0.10256485568019616,0.10382719236549087,0.10119732427112686,0.10256485568019616,1945600.0
1984-04-30,10.0,10.13,10.0,10.0,30700.0,0.0,1.0,0.10519472377456016,0.10656225518362945,0.10519472377456016,0.10519472377456016,1964800.0
1984-03-31,11.5,11.5,11.38,11.5,28300.0,0.0,1.0,0.12097393234074419,0.12097393234074419,0.11971159565544948,0.12097393234074419,1811200.0
1984-02-29,11.5,11.75,11.25,11.5,293000.0,0.0,1.0,0.12097393234074419,0.12360380043510819,0.11834406424638018,0.12097393234074419,18752000.0
1984-01-31,14.25,14.5,14.0,14.13,360600.0,0.0,1.0,0.14990248137874823,0.15253234947311223,0.14727261328438424,0.14864014469345352,23078400.0
1983-12-31,14.75,15.13,14.5,14.5,110400.0,0.0,1.0,0.15516221756747625,0.15915961707090953,0.15253234947311223,0.15253234947311223,7065600.0
1983-11-30,15.13,15.38,15.13,15.25,108400.0,0.0,1.0,0.15915961707090953,0.16178948516527353,0.15915961707090953,0.16042195375620424,6937600.0
1983-10-31,18.25,18.38,18.25,18.25,98900.0,0.0,1.0,0.1919803708885723,0.19334790229764157,0.1919803708885723,0.1919803708885723,6329600.0
1983-09-30,16.75,17.0,16.62,16.87,34500.0,0.0,1.0,0.17620116232238828,0.17883103041675227,0.174833630913319,0.17746349900768302,2208000.0
1983-08-31,16.5,17.0,16.38,17.0,101700.0,0.0,1.0,0.17357129422802428,0.17883103041675227,0.17230895754272954,0.17883103041675227,6508800.0
1983-07-31,16.62,17.0,16.38,16.75,102900.0,0.0,1.0,0.174833630913319,0.17883103041675227,0.17230895754272954,0.17620116232238828,6585600.0
1983-06-30,17.13,17.25,17.0,17.13,35600.0,0.0,1.0,0.18019856182582156,0.18146089851111627,0.17883103041675227,0.18019856182582156,2278400.0
1983-05-31,19.62,19.62,19.38,19.62,63000.0,0.0,1.0,0.20639204804568706,0.20639204804568706,0.20386737467509758,0.20639204804568706,4032000.0
1983-04-30,19.38,19.87,19.25,19.87,281900.0,0.0,1.0,0.20386737467509758,0.20902191614005106,0.20249984326602832,0.20902191614005106,18041600.0
1983-03-31,16.38,17.13,16.38,16.75,156100.0,0.0,1.0,0.17230895754272954,0.18019856182582156,0.17230895754272954,0.17620116232238828,9990400.0
1983-02-28,17.25,18.25,17.25,17.87,388900.0,0.0,1.0,0.18146089851111627,0.1919803708885723,0.18146089851111627,0.18798297138513903,24889600.0
1983-01-31,20.0,20.5,19.5,20.0,100700.0,0.0,1.0,0.2103894475491203,0.21564918373784833,0.20512971136039232,0.2103894475491203,6444800.0
1982-12-31,23.56,23.62,22.5,22.56,39200.0,0.0,1.0,0.12391938460643187,0.12423496877775556,0.11834406424638018,0.11865964841770385,5017600.0
1982-11-30,24.75,26.06,24.62,26.06,56500.0,0.0,1.0,0.1301784706710182,0.13706872507825188,0.12949470496648358,0.13706872507825188,7232000.0
1982-10-31,23.69,23.69,23.5,23.5,48100.0,0.0,1.0,0.12460315031096653,0.12460315031096653,0.12360380043510819,0.12360380043510819,6156800.0
1982-09-30,23.25,23.38,23.25,23.25,18000.0,0.0,1.0,0.12228886638792619,0.12297263209246083,0.12228886638792619,0.12228886638792619,2304000.0
1982-08-31,20.06,20.19,20.06,20.06,54300.0,0.0,1.0,0.10551030794588384,0.1061940736504185,0.10551030794588384,0.10551030794588384,6950400.0
1982-07-31,17.38,17.44,17.38,17.38,28700.0,0.0,1.0,0.09141421496009278,0.09172979913141648,0.09141421496009278,0.09141421496009278,3673600.0
1982-06-30,15.62,15.75,15.62,15.62,80000.0,0.0,1.0,0.08215707926793148,0.08284084497246613,0.08215707926793148,0.08215707926793148,10240000.0
1982-05-31,14.94,15.06,14.94,14.94,40700.0,0.0,1.0,0.07858045865959644,0.07921162700224381,0.07858045865959644,0.07858045865959644,5209600.0
1982-04-30,14.0,14.06,14.0,14.0,25300.0,0.0,1.0,0.07363630664219212,0.0739518908135158,0.07363630664219212,0.07363630664219212,3238400.0
1982-03-31,14.69,14.81,14.69,14.69,4100.0,0.0,1.0,0.07726552461241444,0.0778966929550618,0.07726552461241444,0.07726552461241444,524800.0
1982-02-28,14.19,14.31,14.19,14.19,19400.0,0.0,1.0,0.07463565651805043,0.0752668248606978,0.07463565651805043,0.07463565651805043,2483200.0
1982-01-31,14.62,14.75,14.62,14.62,49400.0,0.0,1.0,0.07689734307920347,0.07758110878373813,0.07689734307920347,0.07689734307920347,6323200.0
1981-12-31,14.25,14.25,14.13,14.13,38000.0,0.0,1.0,0.07495124068937412,0.07495124068937412,0.07432007234672676,0.07432007234672676,4864000.0
1981-11-30,13.87,14.13,13.87,13.87,12500.0,0.0,1.0,0.07295254093765748,0.07432007234672676,0.07295254093765748,0.07295254093765748,1600000.0
1981-10-31,13.38,13.38,13.25,13.25,54600.0,0.0,1.0,0.07037527020518075,0.07037527020518075,0.06969150450064611,0.06969150450064611,6988800.0
1981-09-30,9.5,9.62,9.5,9.5,10200.0,0.0,1.0,0.049967493792916075,0.05059866213556343,0.049967493792916075,0.049967493792916075,1305600.0
1981-08-31,9.62,9.75,9.62,9.62,8400.0,0.0,1.0,0.05059866213556343,0.05128242784009808,0.05059866213556343,0.05059866213556343,1075200.0
1981-07-31,11.0,11.13,10.87,10.87,4100.0,0.0,1.0,0.05785709807600809,0.05854086378054273,0.05717333237147344,0.05717333237147344,524800.0
1981-06-30,11.87,12.0,11.62,11.62,8000.0,0.0,1.0,0.062433068560201456,0.0631168342647361,0.06111813451301945,0.06111813451301945,1024000.0
1981-05-31,11.38,11.75,11.38,11.38,28900.0,0.0,1.0,0.05985579782772474,0.06180190021755409,0.05985579782772474,0.05985579782772474,3699200.0
1981-04-30,10.5,10.62,10.38,10.38,7100.0,0.0,1.0,0.05522722998164409,0.055858398324291444,0.05459606163899673,0.05459606163899673,908800.0
1981-03-31,9.38,9.75,9.38,9.38,30900.0,0.0,1.0,0.04933632545026872,0.05128242784009808,0.04933632545026872,0.04933632545026872,3955200.0
1981-02-28,9.62,10.0,9.62,9.62,5900.0,0.0,1.0,0.05059866213556343,0.05259736188728008,0.05059866213556343,0.05059866213556343,755200.0
1981-01-31,9.87,9.87,9.62,9.62,6500.0,0.0,1.0,0.051913596182745436,0.051913596182745436,0.05059866213556343,0.05059866213556343,832000.0
1980-12-31,10.62,10.75,10.5,10.5,22800.0,0.0,1.0,0.055858398324291444,0.056542164028826086,0.05522722998164409,0.05522722998164409,2918400.0
